-- Usuario superadmin (password: admin123, rol: SUPERADMIN)
INSERT INTO usuario (id, username, password, rol) VALUES (1, 'superadmin', '$2a$10$Vh2bWkz6r6zKf4wD9Zzj9O4x8Qb9eQ6YkB6z1u6JwH6n6f7q9K6vW', 'SUPERADMIN');
-- Usuario normal (password: user123, rol: USER)
INSERT INTO usuario (id, username, password, rol) VALUES (2, 'usuario', '$2a$10$Q7zQ0k6F6z6f8Qb9eQ6YkB6z1u6JwH6n6f7q9K6vWn6f7q9K6vWn6', 'USER');
-- Más usuarios
INSERT INTO usuario (id, username, password, rol) VALUES (3, 'ana', '$2a$10$3w3p1r7E9o9z8Qk6f7h0gO7wB6z1u6JwH6n6f7q9K6vWn6f7q9K6vW', 'USER');
INSERT INTO usuario (id, username, password, rol) VALUES (4, 'carlos', '$2a$10$4a4p2r8F0p0y9Rl7g8i1hP8xC7y2v8KxG7o7h8r0l8w2x9s1k3n2m9', 'USER');
INSERT INTO usuario (id, username, password, rol) VALUES (5, 'admin2', '$2a$10$5b5q3s9G1q1z0Sm8h9j2iQ9yD8z3w9LyH8p8i9s1m9x3y0t2l4o3n0', 'SUPERADMIN');

-- Motos de ejemplo
INSERT INTO moto (id, nombre, descripcion, imagen, alquilada) VALUES
(1, 'Honda CB500X', 'Trail ligera, ideal para ciudad y carretera.', 'https://images.unsplash.com/photo-1518655048521-f130df041f66?auto=format&fit=crop&w=400&q=80', false),
(2, 'Yamaha MT-07', 'Naked ágil y divertida.', 'https://images.unsplash.com/photo-1503736334956-4c8f8e92946d?auto=format&fit=crop&w=400&q=80', false),
(3, 'BMW G310GS', 'Aventura para todos los caminos.', 'https://images.unsplash.com/photo-1464983953574-0892a716854b?auto=format&fit=crop&w=400&q=80', false),
(4, 'Kawasaki Z900', 'Potencia y estilo streetfighter.', 'https://images.unsplash.com/photo-1465447142348-e9952c393450?auto=format&fit=crop&w=400&q=80', false),
(5, 'BMW R1250 GS', 'La reina de las trail, lista para la aventura.', 'https://images.unsplash.com/photo-1502877338535-766e1452684a?auto=format&fit=crop&w=400&q=80', false),
(6, 'Ducati Panigale V4', 'Superbike italiana, pura adrenalina.', 'https://images.unsplash.com/photo-1511918984145-48de785d4c4e?auto=format&fit=crop&w=400&q=80', false),
(7, 'Harley-Davidson Iron 883', 'Custom clásica para rodar con estilo.', 'https://images.unsplash.com/photo-1519125323398-675f0ddb6308?auto=format&fit=crop&w=400&q=80', false),
(8, 'Suzuki V-Strom 650', 'Versátil y cómoda para largos viajes.', 'https://images.unsplash.com/photo-1470770841072-f978cf4d019e?auto=format&fit=crop&w=400&q=80', false),
(9, 'KTM Duke 390', 'Ligera y potente, perfecta para ciudad.', 'https://images.unsplash.com/photo-1503736334956-4c8f8e92946d?auto=format&fit=crop&w=400&q=80', false),
(10, 'Triumph Tiger 900', 'Aventura y confort para largas rutas.', 'https://images.unsplash.com/photo-1464983953574-0892a716854b?auto=format&fit=crop&w=400&q=80', false),
(11, 'Ducati Scrambler Icon', 'Estilo retro moderno.', 'https://images.unsplash.com/photo-1511918984145-48de785d4c4e?auto=format&fit=crop&w=400&q=80', false),
(12, 'Benelli TRK 502', 'Trail asequible y robusta.', 'https://images.unsplash.com/photo-1502877338535-766e1452684a?auto=format&fit=crop&w=400&q=80', false),
(13, 'Yamaha XSR700', 'Inspiración vintage, tecnología moderna.', 'https://images.unsplash.com/photo-1518655048521-f130df041f66?auto=format&fit=crop&w=400&q=80', false),
(14, 'Suzuki SV650', 'Versátil y fiable para el día a día.', 'https://images.unsplash.com/photo-1465447142348-e9952c393450?auto=format&fit=crop&w=400&q=80', false),
(15, 'BMW F900R', 'Naked deportiva alemana.', 'https://images.unsplash.com/photo-1503736334956-4c8f8e92946d?auto=format&fit=crop&w=400&q=80', false),
(16, 'Honda Africa Twin', 'La reina de las trails.', 'https://images.unsplash.com/photo-1464983953574-0892a716854b?auto=format&fit=crop&w=400&q=80', false),
(17, 'Kawasaki Ninja 650', 'Deportiva y cómoda.', 'https://images.unsplash.com/photo-1511918984145-48de785d4c4e?auto=format&fit=crop&w=400&q=80', false),
(18, 'Harley-Davidson Street Glide', 'Custom touring de lujo.', 'https://images.unsplash.com/photo-1519125323398-675f0ddb6308?auto=format&fit=crop&w=400&q=80', false),
(19, 'Ducati Multistrada 950', 'Trail premium italiana.', 'https://images.unsplash.com/photo-1470770841072-f978cf4d019e?auto=format&fit=crop&w=400&q=80', false),
(20, 'Suzuki GSX-S750', 'Naked deportiva japonesa.', 'https://images.unsplash.com/photo-1518655048521-f130df041f66?auto=format&fit=crop&w=400&q=80', false),
(21, 'Yamaha Tracer 700', 'Sport-turismo ligera.', 'https://images.unsplash.com/photo-1465447142348-e9952c393450?auto=format&fit=crop&w=400&q=80', false),
(22, 'BMW C400X', 'Scooter premium urbano.', 'https://images.unsplash.com/photo-1503736334956-4c8f8e92946d?auto=format&fit=crop&w=400&q=80', false),
(23, 'Honda Forza 300', 'Scooter elegante y eficiente.', 'https://images.unsplash.com/photo-1464983953574-0892a716854b?auto=format&fit=crop&w=400&q=80', false),
(24, 'KTM 1290 Super Adventure', 'Trail de altas prestaciones.', 'https://images.unsplash.com/photo-1511918984145-48de785d4c4e?auto=format&fit=crop&w=400&q=80', false),
(25, 'Triumph Bonneville T120', 'Clásica británica.', 'https://images.unsplash.com/photo-1519125323398-675f0ddb6308?auto=format&fit=crop&w=400&q=80', false),
(26, 'Benelli Leoncino 500', 'Scrambler italiana.', 'https://images.unsplash.com/photo-1470770841072-f978cf4d019e?auto=format&fit=crop&w=400&q=80', false),
(27, 'Yamaha MT-09', 'Naked potente y divertida.', 'https://images.unsplash.com/photo-1518655048521-f130df041f66?auto=format&fit=crop&w=400&q=80', false),
(28, 'Suzuki Burgman 400', 'Scooter de gran capacidad.', 'https://images.unsplash.com/photo-1465447142348-e9952c393450?auto=format&fit=crop&w=400&q=80', false),
(29, 'BMW S1000XR', 'Sport-turismo alemana.', 'https://images.unsplash.com/photo-1503736334956-4c8f8e92946d?auto=format&fit=crop&w=400&q=80', false),
(30, 'Honda CB650R', 'Naked de media cilindrada.', 'https://images.unsplash.com/photo-1464983953574-0892a716854b?auto=format&fit=crop&w=400&q=80', false),
(31, 'Kawasaki Versys 650', 'Trail versátil.', 'https://images.unsplash.com/photo-1511918984145-48de785d4c4e?auto=format&fit=crop&w=400&q=80', false),
(32, 'Ducati Monster 1200', 'Naked italiana de alta gama.', 'https://images.unsplash.com/photo-1519125323398-675f0ddb6308?auto=format&fit=crop&w=400&q=80', false),
(33, 'Harley-Davidson Fat Bob', 'Custom musculosa.', 'https://images.unsplash.com/photo-1470770841072-f978cf4d019e?auto=format&fit=crop&w=400&q=80', false),
(34, 'Suzuki GSX-R1000', 'Superbike japonesa.', 'https://images.unsplash.com/photo-1518655048521-f130df041f66?auto=format&fit=crop&w=400&q=80', false),
(35, 'Yamaha NMAX 125', 'Scooter urbana eficiente.', 'https://images.unsplash.com/photo-1465447142348-e9952c393450?auto=format&fit=crop&w=400&q=80', false),
(36, 'BMW R NineT', 'Naked retro premium.', 'https://images.unsplash.com/photo-1503736334956-4c8f8e92946d?auto=format&fit=crop&w=400&q=80', false),
(37, 'Honda SH125i', 'Scooter superventas.', 'https://images.unsplash.com/photo-1464983953574-0892a716854b?auto=format&fit=crop&w=400&q=80', false),
(38, 'Kawasaki Z650', 'Naked ágil y divertida.', 'https://images.unsplash.com/photo-1511918984145-48de785d4c4e?auto=format&fit=crop&w=400&q=80', false),
(39, 'Ducati Hypermotard 950', 'Supermotard italiana.', 'https://images.unsplash.com/photo-1519125323398-675f0ddb6308?auto=format&fit=crop&w=400&q=80', false),
(40, 'Suzuki GSX-S1000', 'Naked potente japonesa.', 'https://images.unsplash.com/photo-1470770841072-f978cf4d019e?auto=format&fit=crop&w=400&q=80', false),
(41, 'Benelli Imperiale 400', 'Clásica asequible.', 'https://images.unsplash.com/photo-1518655048521-f130df041f66?auto=format&fit=crop&w=400&q=80', false),
(42, 'Yamaha Ténéré 700', 'Trail aventurera.', 'https://images.unsplash.com/photo-1465447142348-e9952c393450?auto=format&fit=crop&w=400&q=80', false),
(43, 'BMW F750GS', 'Trail media alemana.', 'https://images.unsplash.com/photo-1503736334956-4c8f8e92946d?auto=format&fit=crop&w=400&q=80', false),
(44, 'Honda NC750X', 'Trail urbana eficiente.', 'https://images.unsplash.com/photo-1464983953574-0892a716854b?auto=format&fit=crop&w=400&q=80', false),
(45, 'Kawasaki Z H2', 'Hiper naked japonesa.', 'https://images.unsplash.com/photo-1511918984145-48de785d4c4e?auto=format&fit=crop&w=400&q=80', false),
(46, 'Ducati Diavel 1260', 'Power cruiser italiana.', 'https://images.unsplash.com/photo-1519125323398-675f0ddb6308?auto=format&fit=crop&w=400&q=80', false),
(47, 'Suzuki Katana', 'Naked retro japonesa.', 'https://images.unsplash.com/photo-1470770841072-f978cf4d019e?auto=format&fit=crop&w=400&q=80', false),
(48, 'BMW K1600GT', 'Touring de lujo.', 'https://images.unsplash.com/photo-1518655048521-f130df041f66?auto=format&fit=crop&w=400&q=80', false),
(49, 'Honda CB125F', 'Moto urbana económica.', 'https://images.unsplash.com/photo-1465447142348-e9952c393450?auto=format&fit=crop&w=400&q=80', false),
(50, 'Kawasaki Vulcan S', 'Custom versátil.', 'https://images.unsplash.com/photo-1503736334956-4c8f8e92946d?auto=format&fit=crop&w=400&q=80', false);

-- Reservas de ejemplo
-- 100 reservas distribuidas entre usuarios 1-5 y motos 1-50
INSERT INTO reserva (id, moto_id, usuario_id, fecha_inicio, fecha_fin, activa) VALUES
-- Generadas automáticamente
1, 1, 2, '2025-05-01', '2025-05-05', false),
2, 2, 3, '2025-05-10', '2025-05-15', true),
3, 3, 4, '2025-05-12', '2025-05-18', false),
4, 4, 1, '2025-05-20', '2025-05-25', true),
5, 5, 1, '2025-05-22', '2025-05-28', true),
6, 6, 2, '2025-06-01', '2025-06-04', false),
7, 7, 3, '2025-06-05', '2025-06-10', false),
8, 8, 4, '2025-06-09', '2025-06-15', true),
9, 9, 5, '2025-06-13', '2025-06-18', false),
10, 10, 1, '2025-06-17', '2025-06-22', true),
11, 11, 2, '2025-06-21', '2025-06-26', false),
12, 12, 3, '2025-06-25', '2025-06-30', false),
13, 13, 4, '2025-06-29', '2025-07-04', true),
14, 14, 5, '2025-07-03', '2025-07-08', false),
15, 15, 1, '2025-07-07', '2025-07-12', true),
16, 16, 2, '2025-07-11', '2025-07-16', false),
17, 17, 3, '2025-07-15', '2025-07-20', false),
18, 18, 4, '2025-07-19', '2025-07-24', true),
19, 19, 5, '2025-07-23', '2025-07-28', false),
20, 20, 1, '2025-07-27', '2025-08-01', true),
21, 21, 2, '2025-08-01', '2025-08-06', false),
22, 22, 3, '2025-08-05', '2025-08-10', false),
23, 23, 4, '2025-08-09', '2025-08-14', true),
24, 24, 5, '2025-08-13', '2025-08-18', false),
25, 25, 1, '2025-08-17', '2025-08-22', true),
26, 26, 2, '2025-08-21', '2025-08-26', false),
27, 27, 3, '2025-08-25', '2025-08-30', false),
28, 28, 4, '2025-08-29', '2025-09-03', true),
29, 29, 5, '2025-09-02', '2025-09-07', false),
30, 30, 1, '2025-09-06', '2025-09-11', true),
31, 31, 2, '2025-09-10', '2025-09-15', false),
32, 32, 3, '2025-09-14', '2025-09-19', false),
33, 33, 4, '2025-09-18', '2025-09-23', true),
34, 34, 5, '2025-09-22', '2025-09-27', false),
35, 35, 1, '2025-09-26', '2025-10-01', true),
36, 36, 2, '2025-09-30', '2025-10-05', false),
37, 37, 3, '2025-10-04', '2025-10-09', false),
38, 38, 4, '2025-10-08', '2025-10-13', true),
39, 39, 5, '2025-10-12', '2025-10-17', false),
40, 40, 1, '2025-10-16', '2025-10-21', true),
41, 41, 2, '2025-10-20', '2025-10-25', false),
42, 42, 3, '2025-10-24', '2025-10-29', false),
43, 43, 4, '2025-10-28', '2025-11-02', true),
44, 44, 5, '2025-11-01', '2025-11-06', false),
45, 45, 1, '2025-11-05', '2025-11-10', true),
46, 46, 2, '2025-11-09', '2025-11-14', false),
47, 47, 3, '2025-11-13', '2025-11-18', false),
48, 48, 4, '2025-11-17', '2025-11-22', true),
49, 49, 5, '2025-11-21', '2025-11-26', false),
50, 50, 1, '2025-11-25', '2025-11-30', true),
51, 1, 2, '2025-12-01', '2025-12-06', false),
52, 2, 3, '2025-12-05', '2025-12-10', false),
53, 3, 4, '2025-12-09', '2025-12-14', true),
54, 4, 5, '2025-12-13', '2025-12-18', false),
55, 5, 1, '2025-12-17', '2025-12-22', true),
56, 6, 2, '2025-12-21', '2025-12-26', false),
57, 7, 3, '2025-12-25', '2025-12-30', false),
58, 8, 4, '2025-12-29', '2026-01-03', true),
59, 9, 5, '2026-01-02', '2026-01-07', false),
60, 10, 1, '2026-01-06', '2026-01-11', true),
61, 11, 2, '2026-01-10', '2026-01-15', false),
62, 12, 3, '2026-01-14', '2026-01-19', false),
63, 13, 4, '2026-01-18', '2026-01-23', true),
64, 14, 5, '2026-01-22', '2026-01-27', false),
65, 15, 1, '2026-01-26', '2026-01-31', true),
66, 16, 2, '2026-01-30', '2026-02-04', false),
67, 17, 3, '2026-02-03', '2026-02-08', false),
68, 18, 4, '2026-02-07', '2026-02-12', true),
69, 19, 5, '2026-02-11', '2026-02-16', false),
70, 20, 1, '2026-02-15', '2026-02-20', true),
71, 21, 2, '2026-02-19', '2026-02-24', false),
72, 22, 3, '2026-02-23', '2026-02-28', false),
73, 23, 4, '2026-02-27', '2026-03-04', true),
74, 24, 5, '2026-03-03', '2026-03-08', false),
75, 25, 1, '2026-03-07', '2026-03-12', true),
76, 26, 2, '2026-03-11', '2026-03-16', false),
77, 27, 3, '2026-03-15', '2026-03-20', false),
78, 28, 4, '2026-03-19', '2026-03-24', true),
79, 29, 5, '2026-03-23', '2026-03-28', false),
80, 30, 1, '2026-03-27', '2026-04-01', true),
81, 31, 2, '2026-03-31', '2026-04-05', false),
82, 32, 3, '2026-04-04', '2026-04-09', false),
83, 33, 4, '2026-04-08', '2026-04-13', true),
84, 34, 5, '2026-04-12', '2026-04-17', false),
85, 35, 1, '2026-04-16', '2026-04-21', true),
86, 36, 2, '2026-04-20', '2026-04-25', false),
87, 37, 3, '2026-04-24', '2026-04-29', false),
88, 38, 4, '2026-04-28', '2026-05-03', true),
89, 39, 5, '2026-05-02', '2026-05-07', false),
90, 40, 1, '2026-05-06', '2026-05-11', true),
91, 41, 2, '2026-05-10', '2026-05-15', false),
92, 42, 3, '2026-05-14', '2026-05-19', false),
93, 43, 4, '2026-05-18', '2026-05-23', true),
94, 44, 5, '2026-05-22', '2026-05-27', false),
95, 45, 1, '2026-05-26', '2026-05-31', true),
96, 46, 2, '2026-05-30', '2026-06-04', false),
97, 47, 3, '2026-06-03', '2026-06-08', false),
98, 48, 4, '2026-06-07', '2026-06-12', true),
99, 49, 5, '2026-06-11', '2026-06-16', false),
100, 50, 1, '2026-06-15', '2026-06-20', true;

-- Reservas de ejemplo
INSERT INTO reserva (id, moto_id, usuario_id, fecha_inicio, fecha_fin, activa) VALUES (1, 1, 2, '2025-05-01', '2025-05-05', false);
INSERT INTO reserva (id, moto_id, usuario_id, fecha_inicio, fecha_fin, activa) VALUES (2, 2, 3, '2025-05-10', '2025-05-15', true);
INSERT INTO reserva (id, moto_id, usuario_id, fecha_inicio, fecha_fin, activa) VALUES (3, 3, 4, '2025-05-12', '2025-05-18', false);
INSERT INTO reserva (id, moto_id, usuario_id, fecha_inicio, fecha_fin, activa) VALUES (4, 4, 1, '2025-05-20', '2025-05-25', true);
INSERT INTO reserva (id, moto_id, usuario_id, fecha_inicio, fecha_fin, activa) VALUES (5, 5, 1, '2025-05-22', '2025-05-28', true);
